{"title":"Some really amazing note","dateCreated":1621611315832,"dateEdited":1621611315832,"pinned":false,"color":"purple","tags":["Lavelt 2","Yes i am a label"],"content":{"type":"html","data":"<ul class=\"checklist\">\n        <li>Oh I am not done with you!</li><li>Yes</li><li class=\"checked\">Yes</li><li class=\"checked\">No!</li>\n      </ul><img class=\"attachment\" data-filename=\"1621611269186.2118964573.jpg\" data-size=\"581.3K\" data-hash=\"129a10cf8330cfc8\" data-mime=\"image/jpeg\"\n      alt=\"1621611269186.2118964573.jpg\" ><img class=\"attachment\" data-filename=\"1621611277363.2139061919.png\" data-size=\"30.4K\" data-hash=\"5f5069659870f95e\" data-mime=\"image/png\"\n      alt=\"1621611277363.2139061919.png\" >"},"attachments":[{"filename":"1621611269186.2118964573.jpg","size":595273,"hash":"129a10cf8330cfc8","hashType":"xxh64","mime":"image/jpeg"},{"filename":"1621611277363.2139061919.png","size":31111,"hash":"5f5069659870f95e","hashType":"xxh64","mime":"image/png"}]}