{"title":"2021-11-29T10_12_25.187+05_00","dateCreated":1638162709167,"dateEdited":1638162709167,"pinned":false,"content":{"type":"html","data":"<p>hello tune</p><span class=\"attachment\" data-filename=\"17d6a1b2a21.b0f6f0f66e836cde.3gp\" data-size=\"4.8K\" data-hash=\"b0dd3ba85df878c2\" data-mime=\"audio/3gp\"\n      contenteditable=\"false\"\n      title=\"17d6a1b2a21.b0f6f0f66e836cde.3gp\">\n      <em>&nbsp;</em>\n      <span class=\"filename\">17d6a1b2a21.b0f6f0f66e836cde.3gp</span>\n    </span>"},"attachments":[{"filename":"17d6a1b2a21.b0f6f0f66e836cde.3gp","size":4870,"hash":"b0dd3ba85df878c2","hashType":"xxh64","mime":"audio/3gp"}]}